<?xml version="1.0" encoding="UTF-8"?>
<openerp>
    <data>
    	<!-- Workflow disa-->
    	<record id="workflow_disabasic" model="workflow">
    		<field name="name">disa.basic</field>
    		<field name="osv">hr.payroll.disa</field>	
    	</record>
    		<!-- Workflow disa activities -->
    		<record id="act_disa_draft" model="workflow.activity">
    			<field name="name">draft</field>
    			<field name="wkf_id" ref="workflow_disabasic"></field> 
    			<field name="kind">function</field>
    			<field name="action">action_draft()</field>
    			<field name="flow_start">True</field>   		
    		</record>
    		<record id="act_disa_confirmed" model="workflow.activity">
    			<field name="name">confirmed</field>
    			<field name="wkf_id" ref="workflow_disabasic"></field> 
    			<field name="kind">function</field>
    			<field name="action">action_confirm()</field>   		
    		</record>
    		<record id="act_disa_done" model="workflow.activity">
    			<field name="name">done</field>
    			<field name="wkf_id" ref="workflow_disabasic"></field> 
    			<field name="kind">function</field>
    			<field name="action">action_done()</field>   		
    		</record>
    		
    	    <!-- Worflow disa transition -->
    	    <record id="trans_disa_0" model="workflow.transition">
	            <field name="act_from" ref="act_disa_draft"/>
	            <field name="act_to" ref="act_disa_confirmed"/>
	            <field name="signal">signal_confirm</field>
	            <field name="condition">True</field>
            </record>
            <record id="trans_disa_1" model="workflow.transition">
	            <field name="act_from" ref="act_disa_confirmed"/>
	            <field name="act_to" ref="act_disa_done"/>
	            <field name="signal">signal_done</field>
	            <field name="condition">True</field>
            </record>
            <record id="trans_disa_2" model="workflow.transition">
	            <field name="act_from" ref="act_disa_done"/>
	            <field name="act_to" ref="act_disa_draft"/>
	            <field name="signal">signal_draft</field>
	            <field name="condition">True</field>
            </record>
            <record id="trans_disa_3" model="workflow.transition">
	            <field name="act_from" ref="act_disa_confirmed"/>
	            <field name="act_to" ref="act_disa_draft"/>
	            <field name="signal">signal_draft</field>
	            <field name="condition">True</field>
            </record>
    </data>
</openerp>