<?xml version="1.0" encoding="UTF-8"?>
<openerp>
    <data>

		<!--<record id="hr_holidays.property_rule_holidays_employee_write" model="ir.rule">
            <field name="name">Employee Holidays Create, Write, Unlink</field>
            <field name="model_id" ref="model_hr_holidays"/>
            <field name="domain_force">[('employee_id.user_id','=',user.id), ('state', 'in', ['draft', 'cancel', 'confirm', 'technical', 'not_technical', 'refuse', 'chef_service', 'crh', 'chef_depart', 'cdaf', 'validate1', 'validate' ] )]</field>
            <field name="perm_read" eval="True"/>
            <field name="perm_write" eval="True"/>
            <field name="perm_create" eval="True"/>
            <field name="perm_unlink" eval="True"/>
            <field name="groups" eval="[(4,ref('base.group_user'))]"/>
        </record>-->

    </data>
</openerp>
