<?xml version="1.0" encoding="utf-8"?>
<odoo>
    <data>
        <!--<record id="paperformat_euro_land" model="report.paperformat">-->
            <!--<field name="name">European A4 Landscape</field>-->
            <!--<field name="default" eval="True" />-->
            <!--<field name="format">A4</field>-->
            <!--<field name="page_height">0</field>-->
            <!--<field name="page_width">0</field>-->
            <!--<field name="orientation">Landscape</field>-->
            <!--<field name="margin_top">0</field>-->
            <!--<field name="margin_bottom">23</field>-->
            <!--<field name="margin_left">7</field>-->
            <!--<field name="margin_right">7</field>-->
            <!--<field name="header_line" eval="False" />-->
            <!--<field name="header_spacing">35</field>-->
            <!--<field name="dpi">90</field>-->
        <!--</record>-->

        <record id="paperformat_rapport_paie" model="report.paperformat">
            <field name="name">A4 Rapport de paie</field>
            <field name="default" eval="True" />
            <field name="format">A4</field>
            <field name="page_height">0</field>
            <field name="page_width">0</field>
            <field name="orientation">Landscape</field>
            <field name="margin_top">0</field>
            <field name="margin_bottom">3</field>
            <field name="margin_left">7</field>
            <field name="margin_right">7</field>
            <field name="header_line" eval="False" />
            <field name="header_spacing">35</field>
            <field name="dpi">90</field>
        </record>

        <record id="hr_payroll_ci_raport.report_hr_payroll" model="ir.actions.report">
            <field name="paperformat_id" ref="hr_payroll_ci_raport.paperformat_rapport_paie"/>
        </record>
        <record id="hr_payroll_ci_raport.payroll_report_xlsx" model="ir.actions.report">
            <field name="paperformat_id" ref="hr_payroll_ci_raport.paperformat_rapport_paie"/>
        </record>
<!--        <record id="hr_payroll_ci_raport.hr_cnps_report" model="ir.actions.report">-->
<!--            <field name="paperformat_id" ref="hr_payroll_ci_raport.paperformat_rapport_paie"/>-->
<!--        </record>-->
<!--        <record id="hr_payroll_ci_raport.hr_cnps_trimestriel_report" model="ir.actions.report">-->
<!--            <field name="paperformat_id" ref="hr_payroll_ci_raport.paperformat_rapport_paie"/>-->
<!--        </record>-->
<!--        <record id="hr_payroll_ci_raport.hr_disa_report" model="ir.actions.report">-->
<!--            <field name="paperformat_id" ref="hr_payroll_ci_raport.paperformat_rapport_paie"/>-->
<!--        </record>-->
<!--        <record id="hr_payroll_ci_raport.hr_fdfp_report" model="ir.actions.report">-->
<!--            <field name="paperformat_id" ref="hr_payroll_ci_raport.paperformat_rapport_paie"/>-->
<!--        </record>-->
<!--        <record id="hr_payroll_ci_raport.hr_its_report" model="ir.actions.report">-->
<!--            <field name="paperformat_id" ref="hr_payroll_ci_raport.paperformat_rapport_paie"/>-->
<!--        </record>-->
<!--        <record id="hr_payroll_ci_raport.dasc_id" model="ir.actions.report">-->
<!--            <field name="paperformat_id" ref="hr_payroll_ci_raport.paperformat_rapport_paie"/>-->
<!--        </record>-->
<!--        <record id="hr_payroll_ci_raport.hr_disa_report" model="ir.actions.report">-->
<!--            <field name="paperformat_id" ref="hr_payroll_ci_raport.paperformat_rapport_paie"/>-->
<!--        </record>-->
    </data>
</odoo>
