<?xml version="1.0" encoding="utf-8"?>
<odoo>
    <data>
        <template id="hr_payroll_ci_raport.report_hr_its">
            <t t-call="hr_payroll_ci_raport.external_layout">
                <t t-set="data_report_margin_top" t-value="5"/>
                <t t-set="data_report_margin_left" t-value="2"/>
                <t t-set="data_report_margin_rigth" t-value="2"/>
                <t t-set="data_report_margin_bottom" t-value="2"/>
                <t t-set="data_report_header_spacing" t-value="2"/>
                <t t-set="data_report_dpi" t-value="110"/>

                <t t-foreach="docs" t-as="o">
                    <div class="page">
                        <style>
                             div.bg {
                                 border-top:0;
                                 border-left:1px solid black;
                                 border-bottom:1px solid black;
                                 border-right:1px solid black;
                                 background-color:rgba(240, 255, 167, 1);
                                }
                         </style>
                        <div class="row" style="font-size:10px;">
                            <div class="col-xs-12">
                                <div class="col-xs-3"><strong>NCC :&#032;<span t-field="o.company_id.num_contribuable"/></strong></div>
                                <div class="col-xs-6 text-center" style="margin-right:-60px;">
                                    <!--<div class="col-xs-12">-->
                                        <div class="col-xs-12 text-center">
                                            REPUBLIQUE DE COTE D'IVOIRE<br/>
                                        Union-Discipline-Travail<br/>
                                    -------------------------<br/>
                                        </div>
                                        <div class="col-xs-12 text-center">
                                            MINISTERE AUPRES DU PREMIER MINISTRE<br/>
                                            CHARGE DU BUDGET<br/>
                                    -------------------------
                                        </div>
                                    <!--</div>-->
                                    <!--REPUBLIQUE DE COTE D'IVOIRE<br/>-->
                                        <!--Union-Discipline-Travail<br/>-->
                                    <!-- -&#45;&#45;&#45;&#45;&#45;&#45;&#45;&#45;&#45;&#45;&#45;&#45;&#45;&#45;&#45;&#45;&#45;&#45;&#45;&#45;&#45;&#45;&#45;&#45;<br/>-->
                                   <!--MINISTERE AUPRES DU PREMIER MINISTRE<br/>-->
                                            <!--CHARGE DU BUDGET<br/>-->
                                    <!-- -&#45;&#45;&#45;&#45;&#45;&#45;&#45;&#45;&#45;&#45;&#45;&#45;&#45;&#45;&#45;&#45;&#45;&#45;&#45;&#45;&#45;&#45;&#45;&#45;-->
                                </div>
                                <div class="col-xs-3"></div>
                            </div>
                        </div>
                        <div class="row" style="font-size:10px;">
                            <div class="col-xs-12">
                                <div class="col-xs-2 text-center" style="border:1px solid black;
                                                            height:100px;
                                                            display:block;
                                                            font-size:11px;
                                                            ">
                                    <div class="row" style="border:1px solid black;">CACHET DU SERVICE</div>

                                </div>
                                <div class="col-xs-1"></div>
                                <div class="col-xs-6 text-center">
                                    <strong>DIRECTION GENERALE DES IMPOTS</strong><br/>
                                <img src="hr_payroll_ci_raport/static/img/dgi2.jpg"
                                     style="max-height: 30px;
                                     width: 100px;
                                    display: block;
                                    margin-left: auto;
                                    margin-right: auto;
                                    padding:auto;"
                                />
                                    <strong>TAXE D'APPRENTISSAGE ET TAXE</strong><br/>
                                <strong>ADDITIONNELLE A LA FORMATION CONTINUE</strong><br/>
                                    (Articles 143 et suivants du CGI)<br/>
                                    --------------------------------<br/>
                                    <strong>ETAT ANNEXE</strong>
                                </div>
                                <div class="col-xs-1"></div>
                                <div class="col-xs-2 text-center" style="border:1px solid black;
                                                            height:100px;
                                                            display:block;
                                                            font-size:11px;
                                                            ">
                                    <div class="row" style="border:1px solid black;">DATE DE RECEPTION</div>

                                </div>
                            </div>
                        </div>

                        <div class="row" style="margin-top:40px;font-size:small;">
                         <div class="col-xs-12">
                            <div class="col-xs-7">
                                <div class="row">
                                    <div  class="col-xs-12">
                                        <div class="col-xs-4" style="font-size:10px;">PERIODE D'IMPOSITION</div>
                                        <div t-if=" date.month == 1 or date.month == 2 or date.month == 3 or date.month == 4 or date.month == 5 or date.month == 6 or date.month == 7 or date.month == 8 or date.month == 9"
                                             class="col-xs-1 bg">
                                            0
                                        </div>
                                        <div t-if="date.month == 10 or date.month == 11 or date.month == 12"
                                             class="col-xs-1 bg">
                                            1
                                        </div>
                                        <div t-if="date.month == 1" class="col-xs-1 bg">
                                            1
                                        </div>
                                        <div t-if="date.month == 2" class="col-xs-1 bg">
                                            2
                                        </div>
                                        <div t-if="date.month == 3" class="col-xs-1 bg">
                                            3
                                        </div>
                                        <div t-if="date.month == 4" class="col-xs-1 bg" >
                                            4
                                        </div>
                                        <div t-if="date.month == 5" class="col-xs-1 bg">
                                            5
                                        </div>
                                        <div t-if="date.month == 6" class="col-xs-1 bg">
                                            6
                                        </div>
                                        <div t-if="date.month == 7" class="col-xs-1 bg">
                                            7
                                        </div>
                                        <div t-if="date.month == 9" class="col-xs-1 bg">
                                            9
                                        </div>
                                        <div t-if="date.month == 10" class="col-xs-1 bg">
                                            0
                                        </div>
                                        <div t-if="date.month == 11" class="col-xs-1 bg">
                                            1
                                        </div>
                                        <div t-if="date.month == 12" class="col-xs-1 bg">
                                            2
                                        </div>
                                        <div class="col-xs-1" ></div>
                                        <div class="col-xs-1 bg">0</div>
                                        <div t-if=" date.month == 1 or date.month == 2 or date.month == 3" class="col-xs-1 bg">
                                            <span t-esc="trim[0]"/>
                                        </div>
                                        <div t-if="date.month == 4 or date.month == 5 or date.month == 6" class="col-xs-1 bg">
                                            <span t-esc="trim[1]"/>
                                        </div>
                                        <div t-if="date.month == 7 or date.month == 8 or date.month == 9" class="col-xs-1 bg">
                                            <span t-esc="trim[2]"/>
                                        </div>
                                        <div t-if="date.month == 10 or date.month == 11 or date.month == 12" class="col-xs-1 bg">
                                            <span t-esc="trim[3]"/>
                                        </div>
                                        <div class="col-xs-1" ></div>
                                        <div  class="col-xs-1 bg">
                                            <span t-esc="date_year[0]"/>
                                        </div>
                                        <div class="col-xs-1 bg"><span t-esc="date_year[1]"/></div>
                                    </div>
                                </div>
                            </div>
                            <div class="col-xs-5">
                                <div class="row">
                                            <div class="col-xs-12">
                                                <div class="col-xs-7" style="margin-top:-8px;">
                                                    <span style="font-size:13px;font-style:italic;">
                                                    SERVICE<br/> D'ASSIETTE DES IMPOTS:
                                                     </span>
                                                </div>
                                                <div class="col-xs-5 col-xs-offset-0">
                                                    <span style="text-align:left;display:inline-block;width:250px;padding-top:15px;">
                                                        <span t-field="o.company_id.impot_service"/>
                                                    </span>

                                                </div>
                                            </div>
                                </div>
                            </div>
                         </div>
                        </div>
                        <div class="row">
                         <div class="col-xs-12" style="margin-top:-7px;">
                            <div class="col-xs-7" >
                                <div class="row" style="font-size:11px;">
                                    <div class="col-xs-12">
                                        <div class="col-xs-4"></div>
                                        <div class="col-xs-2" style="text-align:center;">MOIS</div>
                                        <div class="col-xs-1" ></div>
                                        <div class="col-xs-2" style="text-align:center;">TRIM</div>
                                        <div class="col-xs-1" ></div>
                                        <div class="col-xs-2" style="text-align:center;">ANNEE</div>
                                    </div>
                                </div>
                            </div>
                             <br/>
                         </div>
                        </div>
                        <!-- periode et assiette -->
                        <div class="row">
                            <div class="col-xs-12">
                                <table class="table table-condensed" style="font-size:10px;">
                                <tr>
                                    <td style="border: 1px solid black;background-color:black; color:white; text-align:center">
                                        <strong>01</strong>
                                    </td>
                                    <td colspan="3" style="border: 1px solid black;">
                                        <strong> DETERMINATION DE L'ASSIETTE </strong>
                                    </td>
                                    <td colspan="3" style="border-top:hidden;border-right:hidden;"></td>
                                </tr>
                                <tr>
                                    <td style="border: 1px solid black;text-align:center">
                                        <strong>N°</strong>
                                    </td>
                                    <td colspan="2" style="border: 1px solid black;text-align:center">
                                        <strong>Revenus bruts imposables</strong>
                                    </td>
                                    <td style="border: 1px solid black;">
                                        <strong>Montant Brut</strong>
                                    </td>
                                    <td colspan="3" style="border-top:hidden;border-right:hidden;"></td>
                                </tr>
                                <tr>
                                    <td style="border: 1px solid black;text-align:center">
                                        <strong>1</strong>
                                    </td>
                                    <td colspan="2" style="border: 1px solid black;text-align:left">
                                        <strong>Rémunérations versées</strong>
                                    </td>
                                    <td style="border: 1px solid black;background-color:rgba(240, 255, 167, 1);text-align:center">
                                        <strong><span t-esc="format_amount('%i', totalBrut['total_remu'])"/></strong>
                                    </td>
                                    <td colspan="3" style="border-top:hidden;border-right:hidden;"></td>
                                </tr>
                                <tr>
                                    <td style="border: 1px solid black;text-align:center">
                                        <strong>2</strong>
                                    </td>
                                    <td colspan="2" style="border: 1px solid black;text-align:left">
                                        <strong>Avantages en Nature(évaluation)</strong>
                                    </td>
                                    <td style="border: 1px solid black;background-color:rgba(240, 255, 167, 1);text-align:center">
                                        <strong><span t-esc="format_amount('%i', totalBrut['total_av_nat'])"/></strong>
                                    </td>
                                    <td colspan="3" style="border-top:hidden;border-right:hidden;"></td>
                                </tr>
                                <tr style="border: 1px solid black;">
                                    <td style="border: 1px solid black;text-align:center">
                                        <strong>3</strong>
                                    </td>
                                    <td  colspan="2" style="border: 1px solid black;text-align:left">
                                        <strong> Autres(à préciser)</strong>
                                    </td>
                                    <td style="border: 1px solid black;background-color:rgba(240, 255, 167, 1);text-align:center">
                                        <strong><span t-esc="format_amount('%i', totalBrut['total_autre'])"/></strong>
                                    </td>
                                    <td style="border: 1px solid black;text-align:center; background-color:rgba(191, 191, 191, 1);text-align:center">
                                        <strong>Abattement</strong>
                                    </td>
                                    <td style="border-bottom: 1px solid black;
                                               border-left: 1px solid black;
                                               border-top: 1px solid black;
                                               border-right: 1px solid black;
                                               text-align:center; background-color:rgba(191, 191, 191, 1)">
                                        <strong>Revenu net imposable</strong>
                                    </td>
                                </tr>
                                <tr>
                                    <td style="border: 1px solid black;text-align:center" colspan="3">
                                        <strong>Montant total brut</strong>
                                    </td>
                                    <td style="border: 1px solid black;background-color:rgba(240, 255, 167, 1);text-align:center">
                                        <strong><span t-esc="format_amount('%i', totalBrut['total_brut'])"/></strong>
                                    </td>
                                    <td style="border: 1px solid black;text-align:center">
                                        <strong>20%</strong>
                                    </td>
                                    <td style="border: 1px solid black;text-align:center">
                                        <strong><span t-esc="format_amount('%i', RevNetImp['net_imp_brut'])"/></strong>
                                    </td>
                                    <!--<td></td>-->
                                    <!--<td></td>-->
                                </tr>
                                <tr>
                                    <td style="border: 1px solid black;text-align:center ">
                                        <strong>4</strong>
                                    </td>
                                    <td colspan="2" style="border: 1px solid black;text-align:left">
                                        <strong> Pension (b) </strong>
                                    </td>
                                    <td style="border: 1px solid black;background-color:rgba(240, 255, 167, 1);text-align:center">
                                        <strong><span t-esc="format_amount('%i', totalBrut['total_pens'])"/></strong>
                                    </td>
                                    <td style="border: 1px solid black;text-align:center">
                                        <strong>25%</strong>
                                    </td>
                                    <td style="border: 1px solid black;text-align:center">
                                        <strong><span t-esc="format_amount('%i', RevNetImp['net_imp_pens'])"/></strong>
                                    </td>
                                    <!--<td></td>-->
                                </tr>
                                <tr>
                                    <td rowspan="2" style="border:1px solid black;">5</td>
                                    <td rowspan="2" style="border: 1px solid black;text-align:left">
                                        <strong>Rentes viagères</strong>
                                    </td>
                                    <td style="border: 1px solid black">
                                        <strong> Montant compris entre 100 000 et 300 000 francs par mois </strong>
                                    </td>
                                    <td style="border: 1px solid black;background-color:rgba(240, 255, 167, 1);text-align:center">
                                        <strong><span t-esc="format_amount('%i', totalBrut['total_rente_1'])"/></strong>
                                    </td>
                                    <td style="border: 1px solid black;text-align:center">
                                        <strong>40%</strong>
                                    </td>
                                    <td style="border: 1px solid black;text-align:center">
                                        <strong><span t-esc="format_amount('%i', RevNetImp['net_imp_rente_1'])"/></strong>
                                    </td>
                                </tr>
                                <tr>
                                    <td style="border: 1px solid black;">
                                        <strong>Montant égal ou supérieur à 300 000 francs par mois</strong>
                                    </td>
                                    <td style="border: 1px solid black;background-color:rgba(240, 255, 167, 1);text-align:center">
                                        <strong><span t-esc="format_amount('%i', totalBrut['total_rente_2'])"/></strong>
                                    </td>
                                    <td style="border: 1px solid black;width:150px;text-align:center">
                                        <strong>25%</strong>
                                    </td>
                                    <td style="border: 1px solid black;text-align:center">
                                        <strong><span t-esc="format_amount('%i', RevNetImp['net_imp_rente_2'])"/></strong>
                                    </td>
                                    <!--<td></td>-->
                                    <!--<td></td>-->
                                </tr>
                                <tr>
                                    <td style="border-left: hidden;border-right:1px solid black;border-bottom: hidden ;text-align:right;" colspan="5" >
                                        <strong> TOTAL </strong>
                                    </td>
                                    <td style="border:1px solid black;text-align:center;">
                                        <strong><span t-esc="format_amount('%i', RevNetImp['total'])"/></strong>
                                    </td>
                                </tr>
                            </table>
                            </div>
                        </div>
                        <div class="row" >
                            <div class="col-xs-12">
                                <div class="col-xs-9">
                                    <table class="table table-condensed" style="font-size:10px;margin-left:-15px;">
                                        <tr>
                                            <td style="border: 1px solid black;background-color:black; color:white; text-align:center">
                                                <strong>02</strong>
                                            </td>
                                            <td colspan="4" style="border: 1px solid black;">
                                                <strong> DETERMINATION DE L'IMPOT </strong>
                                            </td>
                                        </tr>
                                        <tr>
                                            <td colspan="4">
                                                <strong>02-1-IMPOTS RETENUS AUX SALAIRES</strong>
                                            </td>
                                        </tr>
                                        <tr>
                                            <td style="border: 1px solid black;text-align:center">
                                                <strong>N°</strong>
                                            </td>
                                            <td style="border: 1px solid black;text-align:center">
                                                <strong>Revenus bruts imposables</strong>
                                            </td>
                                            <td style="border: 1px solid black;text-align:center">
                                                <strong>Base imposable</strong>
                                            </td>
                                            <td style="border: 1px solid black;text-align:center">
                                                <strong>Taux ou tarif</strong>
                                            </td>
                                            <td style="border: 1px solid black;text-align:center">
                                                <strong>Montant</strong>
                                            </td>
                                        </tr>
                                        <tr>
                                            <td style="border: 1px solid black;"><strong>6</strong></td>
                                            <td style="border: 1px solid black;"><strong>Impôts sur salaire (IS)</strong></td>
                                            <td rowspan="2" style="border: 1px solid black;text-align:center">
                                                <span t-esc="format_amount('%i', AmountBase['base_is'])"/>
                                            </td>
                                            <td style="border: 1px solid black;text-align:center">1.2%</td>
                                            <td style="border: 1px solid black;text-align:center">
                                                <strong><span t-esc="format_amount('%i', AmountBase['total_is'])"/></strong>
                                            </td>
                                        </tr>
                                        <tr>
                                            <td style="border: 1px solid black;"><strong>7</strong></td>
                                            <td style="border: 1px solid black;"><strong>Contribution Nationale (CN)</strong></td>
                                            <td rowspan="2" style="background-color:rgba(191, 191, 191, 1);border: 1px solid black;text-align:center"></td>
                                            <td style="background-color:rgba(240, 255, 167, 1); border: 1px solid black;text-align:center">
                                                <strong><span t-esc="format_amount('%i', AmountBase['total_cn'])"/></strong>
                                            </td>
                                            <!--<td></td>-->
                                        </tr>
                                        <tr>
                                            <td style="border: 1px solid black;"><strong>8</strong></td>
                                            <td style="border: 1px solid black;"><strong>Impôt général sur le revenu (IGR)</strong></td>
                                            <td style="border: 1px solid black; border: 1px solid black;background-color:rgba(240, 255, 167, 1);text-align:center">
                                                <span t-esc="format_amount('%i', AmountBase['total_base_igr'])"/>
                                            </td>
                                            <td style="background-color:rgba(240, 255, 167, 1);border: 1px solid black;text-align:center">
                                                <strong><span t-esc="format_amount('%i', AmountBase['total_igr'])"/></strong>
                                            </td>
                                            <!--<td></td>-->
                                        </tr>
                                        <tr>
                                            <td style="border: 1px solid black;"><strong>9</strong></td>
                                            <td colspan="3" style="border: 1px solid black;text-align:center">
                                                <strong>TOTAL DES RETENUES AUX SALARIES (6+7+8)</strong>
                                            </td>
                                            <td style="border: 1px solid black;text-align:center">
                                                <strong><span t-esc="format_amount('%i', AmountBase['total'])"/></strong>
                                            </td>
                                            <!--<td></td>-->
                                            <!--<td></td>-->
                                        </tr>
                                    </table>
                                </div>
                                <!--<div class="col-xs-1"></div>-->
                                <!--<div class="col-xs-2"></div>-->
                            </div>
                        </div>
                        <div class="row">
                            <div class="col-xs-9">
                                <table class="table table-condensed" style="font-size:10px;">
                                    <tr style="border-top:hidden;">
                                        <td colspan="7"><strong>02-2-CONTRIBUTION A LA CHARGE DE L'EMPLOYEUR</strong></td>
                                    </tr>
                                    <tr>
                                        <td style="border: 1px solid black;text-align:center;background-color:rgba(191, 191, 191, 1);text-align:center">
                                            <strong>N°</strong>
                                        </td>
                                        <td style="border: 1px solid black;text-align:center;background-color:rgba(191, 191, 191, 1);text-align:center">
                                            <strong>Nature des impôts</strong>
                                        </td>
                                        <td style="border: 1px solid black;text-align:center;background-color:rgba(191, 191, 191, 1);text-align:center">
                                            <strong>Catégorie de salariés</strong>
                                        </td>
                                        <td style="border: 1px solid black;text-align:center;background-color:rgba(191, 191, 191, 1);text-align:center">
                                            <strong> Effectif </strong>
                                        </td>
                                        <td style="border: 1px solid black;text-align:center;background-color:rgba(191, 191, 191, 1);text-align:center">
                                            <strong> Revenu net imposable </strong>
                                        </td>
                                        <td style="border: 1px solid black;text-align:center;background-color:rgba(191, 191, 191, 1);text-align:center">
                                            <strong>Taux</strong>
                                        </td>
                                        <td style="border: 1px solid black;text-align:center;background-color:rgba(191, 191, 191, 1);text-align:center">
                                            <strong>Montant</strong>
                                        </td>
                                    </tr>
                                    <tr>
                                        <td style="border: 1px solid black;">10</td>
                                        <td style="border: 1px solid black;text-align:center" rowspan="2"><strong>CE</strong></td>
                                        <td style="border: 1px solid black;">Personnel local</td>
                                        <td style="border: 1px solid black;background-color:rgba(240, 255, 167, 1);text-align:center;">
                                            <span t-esc="format_amount('%i', ComtributionEmp['Nbre_local'])"/>
                                        </td>
                                        <td style="border: 1px solid black; background-color:rgba(240, 255, 167, 1);text-align:center;">
                                            <strong><span t-esc="format_amount('%i', ComtributionEmp['local'])"/></strong>
                                        </td>
                                        <td style="border: 1px solid black;background-color:rgba(191, 191, 191, 1)"></td>
                                        <td style="border: 1px solid black; background-color:rgba(191, 191, 191, 1)"></td>
                                    </tr>
                                    <tr>
                                        <td style="border: 1px solid black;">11</td>
                                        <td style="border: 1px solid black;">Personnel expatrié</td>
                                        <td style="border: 1px solid black;background-color:rgba(240, 255, 167, 1);text-align:center">
                                            <span t-esc="ComtributionEmp['Nbre_expatried']"/>
                                        </td>
                                        <td style="border: 1px solid black; background-color:rgba(240, 255, 167, 1);text-align:center">
                                            <strong><span t-esc="format_amount('%i', ComtributionEmp['expatried'])"/></strong>
                                        </td>
                                        <td style="border: 1px solid black;text-align:center">11.5%</td>
                                        <td style="border: 1px solid black; text-align:center"><strong><span t-esc="format_amount('%i', ComtributionEmp['CE_expatried'])"/></strong></td>
                                        <!--<td></td>-->
                                    </tr>
                                    <tr>
                                        <td style="border: 1px solid black;">12</td>
                                        <td style="border: 1px solid black; text-align:center" rowspan="2"><strong>CN(c)</strong></td>
                                        <td style="border: 1px solid black;">Personnel local</td>
                                        <td style="border: 1px solid black;background-color:rgba(240, 255, 167, 1);text-align:center">
                                            <span t-esc="ComtributionEmp['Nbre_local']"/>
                                        </td>
                                        <td style="border: 1px solid black; background-color:rgba(240, 255, 167, 1);text-align:center" >
                                            <strong><span t-esc="format_amount('%i', ComtributionEmp['local'])"/></strong>
                                        </td>
                                        <td style="border: 1px solid black;text-align:center" rowspan="2">1.5%</td>
                                        <td style="border: 1px solid black;text-align:center ">
                                            <strong><span t-esc="format_amount('%i', ComtributionEmp['CNc_local'])"/></strong>
                                        </td>
                                    </tr>
                                    <tr>
                                        <td style="border: 1px solid black;text-align:center">13</td>
                                        <td style="border: 1px solid black;">Personnel expatrié</td>
                                        <td style="border: 1px solid black;background-color:rgba(240, 255, 167, 1);text-align:center">
                                            <span t-esc="ComtributionEmp['Nbre_expatried']"/>
                                        </td>
                                        <td style="border: 1px solid black; background-color:rgba(240, 255, 167, 1);text-align:center">
                                            <strong><span t-esc="format_amount('%i', ComtributionEmp['expatried'])"/></strong>
                                        </td>
                                        <td style="border: 1px solid black;text-align:center">
                                            <strong><span t-esc="format_amount('%i', ComtributionEmp['CNc_expatried'])"/></strong>
                                        </td>
                                    </tr>
                                    <tr>
                                        <td style="border: 1px solid black;">14</td>
                                        <td colspan="5" style="border: 1px solid black;text-align:center">
                                            <strong>TOTAL</strong>
                                        </td>
                                        <td style="border: 1px solid black;text-align:center">
                                            <strong><span t-esc="format_amount('%i', ComtributionEmp['total'])"/></strong>
                                        </td>
                                    </tr>
                                </table>
                            </div>
                            <!--<div class="col-xs-1"></div>-->
                            <div class="col-xs-3" style="margin-left:-2px;margin-top:100px;">
                                <table class="table-condensed">
                                    <tr>
                                        <td style="font-size:12px;">15. REGULARISATION </td>
                                    </tr>
                                    <tr>
                                        <td style="border: 1px solid black;
                                                   background-color:rgba(240, 255, 167, 1);
                                                   height:29px;
                                                   text-align:center">

                                        </td>
                                    </tr>
                                </table>
                            </div>
                        </div>
                        <div class="row">
                            <div class="col-xs-12" style="margin-left:4px;margin-top:-10px;">
                                <div class="col-xs-9 text-right"><strong>Montant à payer(9+14 +ou- 15)</strong></div>
                                <div class="col-xs-2">
                                    <table class="table table-condensed">
                                        <tr>
                                            <td style="border: 1px solid black;text-align:center;height:25px;">
                                                <span t-esc="format_amount('%i', NetPaie)"/>
                                            </td>
                                        </tr>
                                </table>
                                </div>
                            </div>
                        </div>
                        <div class="row" style="margin-left:30px;">
                            <div class="col-xs-12" style="font-size:12px;margin-top:-30px;">
                                - Les salariés des entreprises agricoles, agro-industrielles et assimilées prévus par l'article 147 du code général
                                des impôts sont exonérés des impôts sur les traitements et salaires.<br/>
                                - La déclaration de la taxe d'apprentissage et de la taxe additionnelle à la formation continue
                                doit être jointe à la présente déclaration.<br/>
                                <mark>N.B. : </mark><br/>
                                (a) Un abattement forfaitaire mensuel de 60 000 francs est fait sur le montant net des revenus imposables des salaries
                                des entreprises agricoles autres que ceux visés à l'article 148 du code général des impôts.<br/>
                                (b) Ne sont imposables que les pensions de retraite dont le montant est supérieur à 300 000 francs par mois.<br/>
                                (c) Ce taux est porté à 2% pour les entreprises agricoles, agro-industrielles et assimilées prévus
                                par l'article 147 du code général des impôts.
                            </div>
                        </div>
                    </div>
                </t>
            </t>
        </template>
</data>
</odoo>
