id,name,model_id:id,group_id:id,perm_read,perm_write,perm_create,perm_unlink
access_hr_cnps_setting_payroll_manager,hr.cnps.setting payroll_manager,model_hr_cnps_setting,base.group_user,1,1,1,1
access_hr_cnps_monthly_payroll_manager,hr.cnps.monthly payroll_manager,model_hr_cnps_monthly,base.group_user,1,1,1,1
access_hr_cnps_monthly_line_payroll_manager,hr.cnps.monthly.line payroll_manager,model_hr_cnps_monthly_line,base.group_user,1,1,1,1
access_hr_cnps_monthly_category_line_payroll_manager,hr.cnps.monthly.category_line payroll_manager,model_hr_cnps_monthly_category_line,base.group_user,1,1,1,1
access_hr_cnps_cotisation_line_template_payroll_manager,hr.cnps.cotisation.line.template payroll_manager,model_hr_cnps_cotisation_line_template,base.group_user,1,1,1,1
access_hr_cnps_cotisation_line_payroll_manager,hr.cnps.cotisation.line payroll_manager,model_hr_cnps_cotisation_line,base.group_user,1,1,1,1